"Organização";"Nome";"Descrição";"Tags";"Quantidade Recursos";"Quantidade Reusos";"Quantidade Downloads";"Quantidade Seguidores"
"Instituto Nacional de Estudos e Pesquisas Educacionais Anísio Teixeira - INEP";"Taxas de distorção idade-série Escolar na Educação Básica";"Taxa de Distorção Idade-Série nos Ensinos Fundamental e Médio por Dependência Administrativa, Localização e Série.

Em um sistema educacional seriado, existe uma adequação teórica entre a série e a idade do aluno. No caso brasileiro, considera-se a idade de 7 anos como a idade adequada para ingresso no ensino fundamental, cuja duração, normalmente, é de 8 anos. Seguindo este raciocínio é possível identificar a idade adequada para cada série. Este indicador permite avaliar o percentual de alunos, em cada série, com idade superior à idade recomendada. Como o Censo Escolar obtém a informação sobre idade por meio do ano de nascimento, adotamos o seguinte critério para identificar os alunos com distorção idade-série: considerando o Censo Escolar do ano t e a série k do ensino fundamental, cuja a idade adequada é de i anos, então o indicador será expresso pelo quociente entre o número de alunos que, no ano t, completam i + 2 anos ou mais (nascimento antes de t -[i + 1]), e a matrícula total na série k. A justificativa deste critério é que os alunos que nasceram em t - [i + 1], completam i + 1 anos no ano t e, portanto, em algum momento deste ano (de 1º de janeiro a 31 de dezembro) ainda permaneciam com i anos e, por isso, o critério aqui adotado, considera estes alunos como tendo idade adequada para esta série. Os que nasceram depois de t - [i + 1] completam, no ano t, i anos ou menos.

Para saber mais: http://www.edudatabrasil.inep.gov.br/glossario.html";"INEP,avaliação educação,censo escolar,desempenho escolar,distorção idade-série,educação básica,rendimento escolar,tid";"14";"0";"523";"0"
"Instituto Nacional de Estudos e Pesquisas Educacionais Anísio Teixeira - INEP";"Microdados Censo dos Profissionais do Magistério";"O Censo dos Profissionais do Magistério da Educação Básica 2003 apresenta informações sobre o perfil dos docentes atuantes na Educação Infantil, no Ensino Fundamental, no Ensino Médio, na Educação de Jovens e Adultos (EJA) e na Educação Especial.

A publicação aborda características que compõem a identidade desses educadores como cor ou raça, sexo, idade, estado civil e número de filhos. Reúne, ainda, elementos facilitadores da condução de estudos transversais sobre a formação acadêmica, o salário, a experiência profissional e as condições socioeconômicas desses professores.

As tabelas estão organizadas por Regiões Geográficas Brasileiras, Unidades da Federação e Dependência Administrativa da escola onde o profissional executa suas atividades.

Para saber mais: http://portal.inep.gov.br/profissionais-do-magisterio";"INEP,avaliação educação,censo escolar,desempenho escolar,educação básica,magistério,profissionais do magistério";"1";"0";"93";"1"
"Instituto Nacional de Estudos e Pesquisas Educacionais Anísio Teixeira - INEP";"Pesquisa de Controle de Qualidade do Censo Escolar 2011";"Pesquisadores contratados pelo Inep visitaram escolas de educação básica localizadas em todo o Brasil para coleta de dados para realização de Pesquisa de Controle de Qualidade do Censo Escolar 2011 no período de 10 de outubro a 30 de novembro.

A pesquisa, que é amostral e cobrirá todo o território nacional, foi criada para avaliar a fidedignidade das informações prestadas ao Censo Escolar da Educação Básica de 2011 e levantar as dificuldades que os informantes têm em utilizar o Sistema Educacenso.

O resultado dessa pesquisa não modificará qualquer informação declarada pela escola ao Censo Escolar 2011.

Para que serve a Pesquisa de Controle de Qualidade do Censo Escolar 2011?

- Avaliar a fidedignidade das informações prestadas ao Censo Escolar da Educação Básica de 2011;

- Levantar as dificuldades que os informantes têm em utilizar o Sistema Educacenso, tanto no que diz respeito à sua operacionalização, quanto ao processo de capacitação e treinamento oferecido pelo Inep e seus parceiros;

- Identificar os procedimentos administrativos adotados pelas escolas para registro, armazenamento e recuperação das informações escolares solicitadas no Censo Escolar.

Os resultados da pesquisa serão disponibilizados pelo Inep no primeiro semestre de 2012.

Para saber mais: http://portal.inep.gov.br/basica-censo";"INEP,avaliação educação,censo escolar,controle de qualidade,desempenho escolar,educação básica";"1";"0";"141";"0"
"Instituto Nacional de Estudos e Pesquisas Educacionais Anísio Teixeira - INEP";"Inep: Índice Geral de Cursos Avaliados da Instituição (IGC)";"Resultados do Índice Geral de Cursos Avaliados da Instituição (IGC), por instituição de educação superior e por edição.";"Avaliação da Educação Superior,Educação,IGC,Indicadores de Qualidade da Educação Superior";"1";"0";"46";"0"
"Instituto Nacional de Estudos e Pesquisas Educacionais Anísio Teixeira - INEP";"Inep: Indicador de Nível Socioeconômico (INSE)";"O Indicador de Nível Socioeconômico (INSE), construído pela Diretoria de Avaliação da Educação Básica (Daeb), com base nos resultados do questionário do estudante do Saeb 2019 (as edições anteriores também utilizaram dados do ENEM), tem como objetivo contextualizar resultados obtidos em avaliações e exames aplicados por este instituto no âmbito da educação básica. Dessa forma, possibilita-se conhecer a realidade social de escolas e redes de ensino, bem como auxiliar na implementação, no monitoramento e na avaliação de políticas públicas, visando ao aumento da qualidade e da equidade educacional. Atualmente estão disponíveis as edições 2013-2011, 2015 e 2019.";"Educação,SAEB,escolas,nível socioeconômico";"1";"0";"39";"0"
"Instituto Nacional de Estudos e Pesquisas Educacionais Anísio Teixeira - INEP";"Inep: Indicador de Diferença entre os Desempenhos Observado e Esperado (IDD)";"Base com o menor nível de desagregação de dados utilizados para o cálculo do Indicador de Diferença entre os Desempenhos Observado e Esperado (IDD). Apresenta, por indivíduo, informações sobre a nota no Enade e no Enem, ano de conclusão do Ensino Médio e dados do curso e da IES.";"Avaliação da Educação Superior,Educação,IDD,Indicadores de Qualidade da Educação Superior";"1";"0";"20";"0"
"Instituto Nacional de Estudos e Pesquisas Educacionais Anísio Teixeira - INEP";"Inep: Indicador Conceito Preliminar de Curso (CPC)";"Resultados do indicador Conceito Preliminar de Curso (CPC), por curso e por edição.";"Avaliação da Educação Superior,CPC,Educação,Indicadores de Qualidade da Educação Superior";"1";"0";"11";"0"
"Instituto Nacional de Estudos e Pesquisas Educacionais Anísio Teixeira - INEP";"Inep: Indicador de Diferença entre os Desempenhos Observado e Esperado (IDD)";"Resultados do Indicador de Diferença entre os Desempenhos Observado e Esperado (IDD), por curso e por edição.";"Avaliação da Educação Superior,Educação,IDD,Indicadores de Qualidade da Educação Superior";"1";"0";"11";"0"
"Instituto Nacional de Estudos e Pesquisas Educacionais Anísio Teixeira - INEP";"Inep: Microdados do Enade";"Base com o menor nível de desagregação de dados recolhidos por meio do exame. Apresenta , por indivíduo, os resultados no Enade e as respostas dos Questionários do Estudante.";"Avaliação da Educação Superior,Educação,Enade";"1";"0";"50";"0"
"Instituto Nacional de Estudos e Pesquisas Educacionais Anísio Teixeira - INEP";"Inep: Microdados da ANA";"Os microdados produzidos pelo Inep se constituem no menor nível de desagregação de dados recolhidos por suas pesquisas estatísticas, avaliações e exames. No caso específico da Avaliação Nacional de Alfabetização (ANA), o menor nível de desagregação é Aluno. As informações podem ser obtidas via download, em formato CSV, e contêm inputs (canais de entrada) para leitura por meio dos softwares estatísticos. Atualmente estão disponíveis as edições 2014 e 2016. Não haverá novas atualizações, já que a avaliação foi descontinuada, passando a fazer parte do SAEB.";"3º ano,Educação,alfabetização,ensino fundamental,escolas";"1";"0";"39";"0"
"Instituto Nacional de Estudos e Pesquisas Educacionais Anísio Teixeira - INEP";"Inep: Microdados do ENCCEJA";"Os microdados produzidos pelo Inep se constituem no menor nível de desagregação de dados recolhidos por suas pesquisas estatísticas, avaliações e exames. No caso específico do Exame Nacional para Certificação de Competências de Jovens e Adultos (ENCCEJA), o menor nível de desagregação é o participante do exame. As informações podem ser obtidas via download, em formato CSV, e contêm inputs (canais de entrada) para leitura por meio dos softwares estatísticos. Atualmente estão disponíveis as edições 2014 a 2019.";"EJA,Educação,certificação,ensino fundamental,ensino médio,exames";"1";"0";"32";"0"
"Instituto Nacional de Estudos e Pesquisas Educacionais Anísio Teixeira - INEP";"Inep: Microdados do ENEM";"Os microdados produzidos pelo Inep se constituem no menor nível de desagregação de dados recolhidos por suas pesquisas estatísticas, avaliações e exames. No caso específico do Exame Nacional do Ensino Médio (ENEM), o menor nível de desagregação é o participante do exame. As informações podem ser obtidas via download, em formato CSV, e contêm inputs (canais de entrada) para leitura por meio dos softwares estatísticos. Atualmente estão disponíveis as edições 1998 a 2019.";"Educação,ensino médio,exames,seleção para o ensino superior";"1";"0";"316";"0"
"Instituto Nacional de Estudos e Pesquisas Educacionais Anísio Teixeira - INEP";"Inep: Microdados do ENEM por Escola";"Os microdados produzidos pelo Inep se constituem no menor nível de desagregação de dados recolhidos por suas pesquisas estatísticas, avaliações e exames. No caso específico do Exame Nacional do Ensino Médio por Escola, o menor nível de desagregação é a escola de conclusão do ensino médio. As informações podem ser obtidas via download, em formato CSV, e contêm inputs (canais de entrada) para leitura por meio dos softwares estatísticos. Atualmente estão disponíveis as edições 2005 a 2015. Não haverá mais atualizações porque o cálculo e a divulgação do ENEM por Escola foram descontinuados.";"Educação,ensino médio,escolas,exames,seleção para o ensino superior";"1";"0";"67";"0"
"Instituto Nacional de Estudos e Pesquisas Educacionais Anísio Teixeira - INEP";"Inep: Microdados da Prova Brasil";"Os microdados produzidos pelo Inep se constituem no menor nível de desagregação de dados recolhidos por suas pesquisas estatísticas, avaliações e exames. No caso específico da Prova Brasil, o menor nível de desagregação é a o aluno. Mas são calculadas médias agregadas apenas por UF, região e Brasil. As informações podem ser obtidas via download, em formato CSV, e contêm inputs (canais de entrada) para leitura por meio dos softwares estatísticos. Atualmente estão disponíveis as edições 2007, 2009 e 2011. Não haverá mais atualizações porque esses dados foram incorporados aos microdados do SAEB.";"Educação,avaliação,ensino fundamental,ensino médio,redes de ensino";"1";"0";"31";"0"
"Instituto Nacional de Estudos e Pesquisas Educacionais Anísio Teixeira - INEP";"Inep: Microdados do SAEB";"Os microdados produzidos pelo Inep se constituem no menor nível de desagregação de dados recolhidos por suas pesquisas estatísticas, avaliações e exames. No caso específico do Sistema de Avaliação da Educação Básica (SAEB(, o menor nível de desagregação é a o aluno. Mas são calculadas médias agregadas apenas por UF, região e Brasil para a parte amostral da avaliação. E por município e escola para a parte censitária da avaliação. As informações podem ser obtidas via download, em formato CSV, e contêm inputs (canais de entrada) para leitura por meio dos softwares estatísticos. Atualmente estão disponíveis as edições 1995, 1997, 1999, 2001, 2003, 2005, 2011, 2013, 2015, 2017 e 2019. ";"";"1";"0";"50";"0"
"Instituto Nacional de Estudos e Pesquisas Educacionais Anísio Teixeira - INEP";"Inep: Sinopses Estatísticas do ENEM";"As Sinopses Estatísticas do Exame Nacional do Ensino Médio (ENEM) correspondem a um conjunto de tabelas com dados recolhidos a partir dos resultados obtidos e questionários socioeconômicos preenchidos pelos participantes do exame. As informações são organizadas por temas e agrupadas por região e unidades da federação. As informações podem ser obtidas via download, em formato ODS e XLSX, permitindo que o usuário crie os filtros de seu interesse. Atualmente estão disponíveis as edições de 2009 a 2019.";"";"3";"0";"50";"0"
"Instituto Nacional de Estudos e Pesquisas Educacionais Anísio Teixeira - INEP";"Inep: Microdados do Censo da Educação Superior";"Os Microdados do Censo da Educação Superior reúnem em arquivos eletrônicos os dados primários apurados pelo levantamento estatístico, organizados por: Instituição de Educação Superior (IES), local de oferta, curso, aluno e docente, para todas as formas de organização do ensino superior de graduação e cursos sequenciais de formação específica; e detalhados para a menor unidade de informação. Os arquivos de dados são estruturados no formato CSV (Comma-Separated Values), com campos delimitados por um caractere.
Para auxiliar a compreensão e o uso dos Microdados do Censo da Educação Superior, são disponibilizados os seguintes documentos técnicos: Dicionário de Dados (xlsx); Tabelas Auxiliares (xlsx); ""Leia-Me"" (pdf); Filtros de Dados (pdf); Formulários de Coleta em formato PDF (Módulo Aluno, Módulo Curso, Módulo Docente e Módulo IES).
";"Censo da Educação Superior";"2";"0";"112";"0"
"Instituto Nacional de Estudos e Pesquisas Educacionais Anísio Teixeira - INEP";"Inep: Indicador Educacional da Educação Básica - Média de Alunos por Turma";"O Indicador de Média de Alunos por Turma permite avaliar o tamanho médio das turmas para diferentes etapas de ensino e níveis de agregação (escolas, municípios, estados, entre outros). Trata-se do quociente entre o total de matrículas e o total de turmas de uma etapa de ensino (creche, pré-escola, educação infantil, 1º ano do ensino fundamental etc.) em dado nível territorial (escola, município etc.) informadas na data de referência do Censo Escolar da Educação Básica.
Os arquivos constituem planilhas individuais em formato Excel® (xlsx) e Open Document Sheet (ods).
";"Censo Escolar da Educação Básica,Indicador Educacional,Média de Alunos por Turma";"1";"0";"26";"0"
"Instituto Nacional de Estudos e Pesquisas Educacionais Anísio Teixeira - INEP";"Inep: Indicador Educacional da Educação Básica - Média de Horas-Aula Diária";"O Indicador de Média de Horas-Aula Diária permite avaliar o tempo médio diário (em horas) de permanência do aluno na escola em diferentes etapas de ensino (educação infantil, ensino fundamental e ensino médio) e níveis de agregação (escolas, municípios, estados, entre outros). O indicador considera o tempo de permanência dos alunos em turmas de escolarização.
Os arquivos constituem planilhas individuais em formato Excel® (xlsx) e Open Document Sheet (ods).";"Censo Escolar da Educação Básica,Indicador Educacional,Média de Horas-Aula Diária";"1";"0";"18";"0"
"Instituto Nacional de Estudos e Pesquisas Educacionais Anísio Teixeira - INEP";"Inep: Indicador Educacional da Educação Básica - Taxa de Distorção Idade-Série";"Em um sistema educacional seriado, existe uma adequação teórica entre a série e a idade do aluno. No caso brasileiro, considera-se a idade de 6 anos como a idade adequada para ingresso no ensino fundamental, que conta com 9 anos de duração - para o ensino fundamental de 8 anos de duração a idade adequada de ingresso é de 7 anos. Considerando que, numa situação ideal, os alunos teriam uma trajetória regular, é possível identificar a idade adequada para cada uma das séries do ensino fundamental e ensino médio. A Taxa de Distorção Idade-Série permite avaliar o percentual de alunos que possuem idade superior à recomendada para a série frequentada, ou seja, que se encontram numa situação de atraso escolar.
Os arquivos constituem planilhas individuais em formato Excel® (xlsx) e Open Document Sheet (ods).";"Censo Escolar da Educação Básica,Indicador Educacional,Taxa de Distorção Idade-Série";"1";"0";"10";"0"
"Instituto Nacional de Estudos e Pesquisas Educacionais Anísio Teixeira - INEP";"Inep: Indicador Educacional da Educação Básica - Adequação da Formação Docente";"O Indicador de Adequação da Formação Docente classifica o docente segundo a adequação de sua formação inicial a cada disciplina que leciona na educação básica, levando-se em conta as normatizações legais vigentes (nacionais). A adequação entre a formação inicial do docente e a disciplina ministrada é avaliada em cada turma de determinada etapa de ensino, sendo classificada em um dos cinco grupos listados a seguir:
•	Grupo 1 - Docentes com formação superior de licenciatura (ou bacharelado com complementação pedagógica) na mesma área da disciplina que leciona;
•	Grupo 2 - Docentes com formação superior de bacharelado (sem complementação pedagógica) na mesma área da disciplina que leciona;
•	Grupo 3 - Docentes com formação superior de licenciatura (ou bacharelado com complementação pedagógica) em área diferente daquela que leciona;
•	Grupo 4 - Docentes com formação superior não considerada nas categorias anteriores; e
•	Grupo 5 - Docentes sem formação superior.
O Indicador de Adequação da Formação Docente apresenta o percentual de classificações em cada uma das cinco categorias descritas.
Os arquivos constituem planilhas individuais em formato Excel® (xlsx) e Open Document Sheet (ods).";"Adequação da Formação Docente,Censo Escolar da Educação Básica,Indicador Educacional";"1";"0";"10";"0"
"Instituto Nacional de Estudos e Pesquisas Educacionais Anísio Teixeira - INEP";"Inep: Indicador Educacional da Educação Básica - Complexidade de Gestão da Escola";"O indicador Complexidade de Gestão da Escola classifica as escolas de acordo com sua complexidade de gestão. Níveis mais elevados do indicador, que variam de 1 a 6, indicam maior complexidade. Assume-se que a complexidade de gestão está relacionada às seguintes características: porte da escola, número de turnos de funcionamento, quantidade e complexidade de modalidades e etapas oferecidas. Escolas classificadas no mesmo nível são similares nessas características. Os níveis de complexidade de gestão são descritos de acordo com as características predominantes das escolas pertencentes a cada um deles:
•	Nível 1 - Escolas que, em geral, possuem porte inferior a 50 matrículas, funcionam em único turno, ofertam uma única etapa de ensino e apresentam a educação infantil ou os anos iniciais do ensino fundamental como etapa mais elevada (etapa ofertada pela escola que atenderia, teoricamente, alunos com idade mais elevada);
•	Nível 2 - Escolas que, em geral, possuem porte entre 50 e 300 matrículas, funcionam em 2 turnos, com oferta de até 2 etapas de ensino e apresentam a educação infantil ou os anos iniciais do ensino fundamental como etapa mais elevada;
•	Nível 3 - Escolas que, em geral, possuem porte entre 50 e 500 matrículas, funcionam em 2 turnos, com oferta de 2 ou 3 etapas de ensino e apresentam os anos finais do ensino fundamental como etapa mais elevada;
•	Nível 4 - Escolas que, em geral, possuem porte entre 150 e 1000 matrículas, funcionam em 2 ou 3 turnos, com oferta de 2 ou 3 etapas de ensino e apresentam o ensino médio, a educação profissional ou a educação de jovens e adultos (EJA) como etapa mais elevada;
•	Nível 5 - Escolas que, em geral, possuem porte entre 150 e 1000 matrículas, funcionam em 3 turnos, com oferta de 2 ou 3 etapas de ensino e apresentam a EJA como etapa mais elevada; e
•	Nível 6 - Escolas que, em geral, possuem porte superior a 500 matrículas, funcionam em 3 turnos, com oferta de 4 ou mais etapas de ensino e apresentam a EJA como etapa mais elevada.
Os arquivos constituem planilhas individuais em formato Excel® (xlsx) e Open Document Sheet (ods).";"Censo Escolar da Educação Básica,Complexidade de Gestão da Escola,Indicador Educacional";"1";"0";"13";"0"
"Instituto Nacional de Estudos e Pesquisas Educacionais Anísio Teixeira - INEP";"Inep: Indicador Educacional da Educação Básica - Esforço Docente";"O indicador de esforço docente busca sintetizar, em uma única medida, aspectos do trabalho do professor que contribuem para a sobrecarga no exercício da profissão. Para tal, foram utilizadas as informações sobre o número de turnos de trabalho, número de escolas e etapas de atuação, além da quantidade de alunos atendidos na educação básica. Os docentes são classificados em níveis de 1 a 6, com níveis mais elevados indicando um maior esforço. O indicador apresenta o percentual de docentes em cada um desses níveis. Os níveis do indicador são descritos de acordo com as características usuais dos docentes pertencentes a cada um deles:
•	Nível 1 - Docente que, em geral, tem até 25 alunos e atua em um único turno, escola e etapa;
•	Nível 2 - Docente que, em geral, tem entre 25 e 150 alunos e atua em um único turno, escola e etapa;
•	Nível 3 - Docente que, em geral, tem entre 25 e 300 alunos e atua em um ou dois turnos em uma única escola e etapa;
•	Nível 4 - Docente que, em geral, tem entre 50 e 400 alunos e atua em dois turnos, em uma ou duas escolas e em duas etapas;
•	Nível 5 - Docente que, em geral, tem mais de 300 alunos e atua nos três turnos, em duas ou três escolas e em duas etapas ou três etapas; e
•	Nível 6 - Docente que, em geral, tem mais de 400 alunos e atua nos três turnos, em duas ou três escolas e em duas etapas ou três etapas.
Os arquivos constituem planilhas individuais em formato Excel® (xlsx) e Open Document Sheet (ods).";"Censo Escolar da Educação Básica,Esforço Docente,Indicador Educacional";"1";"0";"11";"0"
"Instituto Nacional de Estudos e Pesquisas Educacionais Anísio Teixeira - INEP";"Inep: Indicador Educacional da Educação Básica - Percentual de Docentes com Curso Superior";"O indicador permite avaliar o nível de formação dos docentes em exercício para diferentes recortes, considerando etapa de ensino, nível territorial (Brasil, Região Geográfica, Unidade da Federação, município e escola), dependência administrativa e localização da escola. O indicador apresenta o percentual de docentes com curso superior completo, ou seja, percentual de docentes declarados no Censo Escolar da Educação Básica que concluiu ao menos um curso de nível superior. O indicador contabiliza os docentes uma vez em cada etapa de ensino e escola em que os mesmos atuam (assim, para uma dada etapa de ensino, o mesmo docente é contabilizado mais de uma vez quando atua em mais de uma escola). Essa metodologia de cálculo visa manter a comparabilidade com os dados anteriores à 2007, quando as informações do Censo Escolar da Educação Básica eram coletadas de forma agregada por escola e etapa de ensino.
Os arquivos constituem planilhas individuais em formato Excel® (xlsx) e Open Document Sheet (ods).";"";"1";"0";"10";"1"
"Instituto Nacional de Estudos e Pesquisas Educacionais Anísio Teixeira - INEP";"Inep: Indicador Educacional da Educação Básica - Regularidade do Corpo Docente";"O indicador tem por objetivo avaliar a regularidade do corpo docente nas escolas de educação básica a partir da observação da permanência dos professores nas escolas nos últimos cinco anos. Para cada docente, em cada escola, foi atribuída uma pontuação de forma que fosse valorizado: o total de anos em que o docente atuou na escola nos últimos 5 anos, a atuação do docente na escola em anos mais recentes e a atuação em anos consecutivos. O Indicador de Regularidade do Docente varia de 0 a 5. Quanto mais próximo de 0, mais irregular é o vínculo do docente com a escola e quanto mais próximo de 5, mais regular é esse vínculo. O indicador de regularidade de cada escola é obtido a partir da média do indicador de regularidade de seus docentes, e representa assim, a regularidade média do corpo docente da escola. As escolas foram classificadas pelas seguintes faixas do indicador de regularidade:
•	Baixa regularidade (IRD médio igual ou menor que 2);
•	Média-baixa (IRD médio maior que 2 até 3);
•	Média-alta (IRD médio maior que 3 até 4); e
•	Alta (IRD médio maior que 4 até 5).
Os arquivos constituem planilhas individuais em formato Excel® (xlsx) e Open Document Sheet (ods).
";"Censo Escolar da Educação Básica,Indicador Educacional,Regularidade do Corpo Docente";"1";"0";"8";"0"
"Instituto Nacional de Estudos e Pesquisas Educacionais Anísio Teixeira - INEP";"Inep: Indicador Educacional da Educação Básica - Taxas de Rendimento Escolar";"O cálculo das taxas de rendimento (aprovação, reprovação e abandono) tem como referência as informações de rendimento e movimento dos alunos coletadas na segunda etapa do Censo Escolar da Educação Básica, denominada módulo Situação do Aluno. Ao final do ano letivo, o aluno matriculado é avaliado quanto ao preenchimento dos requisitos de aproveitamento e frequência, podendo ser considerado aprovado, reprovado ou afastado por abandono. O aluno é considerado aprovado se, ao final do ano letivo, alcançou os critérios mínimos para a conclusão satisfatória da etapa de ensino que estava cursando, estando apto a cursar a série seguinte. Caso esses requisitos mínimos não tenham sido atendidos, o aluno é considerado reprovado. Por outro lado, o abandono é caracterizado quando o aluno deixou de frequentar a escola antes do término do ano letivo, sem requerer formalmente a transferência. O indicador apresenta o percentual de alunos aprovados (taxa de aprovação), reprovados (taxa de reprovação) ou que abandonaram a escola durante o ano letivo (taxa de abandono).
Os arquivos constituem planilhas individuais em formato Excel® (xlsx) e Open Document Sheet (ods).
";"Censo Escolar da Educação Básica,Indicador Educacional,Taxas de Rendimento Escolar";"1";"0";"40";"0"
"Instituto Nacional de Estudos e Pesquisas Educacionais Anísio Teixeira - INEP";"Inep: Indicador Educacional da Educação Básica - Taxa de Não-resposta";"A Taxa de Não-resposta indica o percentual de alunos sem dados de rendimento (aprovação ou reprovação) ou de movimento (falecimento, abandono, transferência), processado na segunda etapa do Censo Escolar da Educação Básica. O não preenchimento da situação do aluno pode ocorrer tanto pela ausência da informação quanto por inconsistências. O indicador está diretamente relacionado com a qualidade da informação das Taxas de Rendimento (aprovação, reprovação e abandono), já que um elevado nível de não resposta prejudica a representatividade dessas taxas.
Os arquivos constituem planilhas individuais em formato Excel® (xlsx) e Open Document Sheet (ods).";"Censo Escolar da Educação Básica,Indicador Educacional,Taxa de Não-resposta";"1";"0";"3";"0"
"Instituto Nacional de Estudos e Pesquisas Educacionais Anísio Teixeira - INEP";"Inep: Indicador Educacional da Educação Básica - Taxas de Transição Escolar entre Anos Letivos";"As Taxas de Transição (promoção, repetência, migração para a educação de jovens e adultos – EJA – e evasão), também conhecidas como indicadores de fluxo escolar, têm por objetivo informar sobre a trajetória dos estudantes na educação básica, a partir de uma perspectiva longitudinal, com enfoque nas etapas seriadas do ensino fundamental e médio. Mais especificamente, os indicadores buscam avaliar a transição dos alunos entre dois anos consecutivos, podendo o aluno, no segundo ano, estar matriculado em série superior (promoção), na mesma série (repetência), ter se matriculado na educação de jovens e adultos (migração para a EJA) ou não se matricular em qualquer escola (evasão). As taxas de promoção, de repetência, de evasão e de migração para a EJA representam a proporção de estudantes em cada uma dessas quatro categorias, que somadas resultam em 100%.
Os arquivos constituem planilhas individuais em formato Excel® (xlsx) e Open Document Sheet (ods).
";"Censo Escolar da Educação Básica,Indicador Educacional,Taxas de Transição Escolar entre Anos Letivos";"2";"0";"58";"0"
"Instituto Nacional de Estudos e Pesquisas Educacionais Anísio Teixeira - INEP";"Inep: Indicador Educacional da Educação Básica - Remuneração Média dos Docentes da Educação Básica";"O Indicador de Remuneração Média dos Docentes resulta do pareamento entre as bases de dados do Censo Escolar da Educação Básica e da Relação Anual de Informações Sociais (Rais). Tal cruzamento permite o cálculo da remuneração mensal bruta e da remuneração mensal padronizada para uma carga horária de 40 horas semanais dos docentes em exercício em sala de aula, por dependência administrativa (federal, estadual, municipal e privada), para diferentes níveis de agregação (município, Unidade da Federação e Brasil). O indicador está diretamente relacionado à Meta 17 do Plano Nacional de Educação, que aponta que os entes federativos devem “Valorizar os (as) profissionais do magistério das redes públicas de educação básica de forma a equiparar seu rendimento médio ao dos (as) demais profissionais com escolaridade equivalente”.
Os arquivos constituem planilhas individuais em formato Excel® (xlsx) e Open Document Sheet (ods).
";"Censo Escolar da Educação Básica,Indicador Educacional,Remuneração Média dos Docentes";"1";"0";"24";"0"
"Instituto Nacional de Estudos e Pesquisas Educacionais Anísio Teixeira - INEP";"Inep: Indicador Educacional da Educação Básica - Índice de Desenvolvimento da Educação Básica (Ideb)";"O Índice de Desenvolvimento da Educação Básica (Ideb) é uma iniciativa do Instituto Nacional de Estudos e Pesquisas Educacionais Anísio Teixeira para mensurar o desempenho do sistema educacional brasileiro a partir da combinação entre a proficiência obtida pelos estudantes em avaliações externas de larga escala (Sistema de Avaliação da Educação Básica ‐ Saeb) e a taxa de aprovação calculada com base em dados do Censo Escolar da Educação Básica, indicador que tem influência na eficiência do fluxo escolar, ou seja, na progressão dos estudantes entre etapas/anos na educação básica. Essas duas dimensões, que refletem problemas estruturais da educação básica brasileira, precisam ser aprimoradas para que o País alcance níveis educacionais compatíveis com seu potencial de desenvolvimento e para garantia do direito educacional expresso na Constituição Federal. Pela própria construção matemática do indicador (taxa de troca entre as duas dimensões), para elevar o Ideb, as redes de ensino e as escolas precisam melhorar as duas dimensões do indicador, simultaneamente, uma vez que a natureza do Ideb dificulta a sua elevação considerando apenas a melhoria de uma dimensão em detrimento da outra. O cálculo do Ideb obedece a uma fórmula em que as notas das provas de língua portuguesa e matemática são padronizadas em uma escala de 0,0 (zero) a 10,0 (dez), depois, a média dessas duas notas é multiplicada pela média (harmônica) das taxas de aprovação das séries da etapa (anos iniciais, anos finais e ensino médio), que, em percentual, varia de 0 (zero) a 100 (cem).
Os arquivos constituem planilhas individuais em formato Excel® (xlsx) e Open Document Sheet (ods).";"Censo Escolar da Educação Básica,Indicador Educacional,Índice de Desenvolvimento da Educação Básica";"1";"0";"111";"0"
"Instituto Nacional de Estudos e Pesquisas Educacionais Anísio Teixeira - INEP";"Inep: Indicadores de Fluxo da Educação Superior";"Os indicadores de fluxo de ingressantes de cursos de graduação são produzidos a partir das informações coletadas pelo Censo da Educação Superior, tendo como forma de análise o acompanhamento longitudinal em uma trajetória cronológica dos estudantes quando ingressam em um curso de graduação até a sua saída, seja por meio da conclusão ou da desistência do curso. Esses indicadores servem de base para diferentes análises, bem como para medida da eficiência de cada curso, podendo ser combinados com outros indicadores ou insumos, auxiliando na criação de novos parâmetros de controle de eficiência do curso, além de qualificar a oferta e a demanda desses cursos. Além disso, eles subsidiam discussões acerca da eficácia do sistema de ensino superior, principalmente quanto à capacidade deste para formar pessoas. Essa classe de indicadores educacionais tem como unidade de análise o curso de graduação, abrangendo três dimensões principais do vínculo do estudante ao curso:
•	Permanência no curso de ingresso: corresponde aos estudantes que possuem vínculos ativos com o seu curso de ingresso em um determinado ano de referência.
•	Desistência do curso de ingresso: corresponde aos estudantes que encerram seu vínculo com o seu curso de ingresso em um determinado ano de referência, seja por meio da desvinculação ou da transferência para outro curso da mesma instituição de educação superior.
•	Conclusão no curso de ingresso: corresponde aos estudantes que se formam no seu curso de ingresso em um determinado ano de referência.
Os arquivos constituem planilhas individuais em formato Excel® (xlsx) e Open Document Sheet (ods).
Para auxiliar a compreensão e o uso dos Indicadores de Fluxo da Educação Superior, é disponibilizado o seguinte documento técnico: Dicionário de banco de dados de indicadores de trajetória por curso (docx).
";"Censo da Educação Superior,Fluxo da Educação Superior,Indicador Educacional";"1";"0";"59";"0"
"Instituto Nacional de Estudos e Pesquisas Educacionais Anísio Teixeira - INEP";"Inep: Microdados da Pesq. Internacional sobre Ensino e Aprendizagem (Talis)";"A Pesquisa Internacional sobre Ensino e Aprendizagem é coordenada pela Organização para a Cooperação e Desenvolvimento Econômico (OCDE). Seu foco é avaliar o ambiente de ensino e aprendizagem, bem como as condições de trabalho dos professores e diretores nas escolas. No Brasil, a aplicação e o tratamento dos dados são responsabilidades do Instituto Nacional de Estudos e Pesquisas Educacionais Anísio Teixeira com a colaboração das secretarias de estado da educação de todas as Unidades da Federação. A Talis é uma pesquisa direta, baseada na percepção do entrevistado. Por meio de questionários específicos para professores e diretores, ela busca saber as percepções desses dois atores sobre alguns temas relacionados ao ambiente educacional: clima escolar, desenvolvimento profissional, liderança escolar, gestão, entre outros. A base de dados da pesquisa é pública e pode ser encontrada nos sites da OCDE ou do Inep. Nela, estão presentes os dados de todos os países e economias participantes, inclusive do Brasil. Os dados das questões administradas especificamente no Brasil constam em arquivos separados (banco nacional).
Os arquivos de dados disponibilizados pelo Inep são estruturados no formato CSV (Comma-Separated Values), com campos delimitados por um caractere.
Para auxiliar a compreensão e o uso dos Microdados da Pesquisa Internacional sobre Ensino e Aprendizagem – Teaching and Learning International Survey (Talis), são disponibilizados os seguintes documentos técnicos: “Leia-me"" (pdf), Questionários de coleta (pdf); Dicionário de Dados da Talis (xlsx e ods) e Tabelas Auxiliares (xlsx e ods).
O volume de informações gerado leva a OCDE a dividir a análise e a divulgação dos resultados em dois volumes. Sendo assim, tanto os arquivos de dados, quanto os documentos, possuem dois volumes diferentes para o mesmo ano de aplicação.
";"Pesquisa Internacional sobre Ensino e Aprendizagem,Talis,Teaching and Learning International Survey";"1";"0";"14";"0"
"Instituto Nacional de Estudos e Pesquisas Educacionais Anísio Teixeira - INEP";"Inep: Indicadores financeiros educacionais para a comparabilidade internacional";"Os Indicadores financeiros educacionais resultam da pesquisa de informações indiretas provenientes de sistemas contábeis da administração pública do ano correspondente, especificamente: o Sistema Integrado de Administração Financeira (Siafi), que realiza o processamento, controle e execução financeira, patrimonial e contábil da União, sob a supervisão da Secretaria do Tesouro Nacional (STN), órgão do Ministério da Fazenda; e o Sistema sobre Orçamento Público em Educação (Siope), sob responsabilidade do Fundo Nacional de Desenvolvimento da Educação (FNDE), de onde são obtidos os gastos estaduais e municipais. 
Estão subdivididos em:
•	Percentual do investimento total em relação ao Produto Interno Bruto (PIB), por nível de ensino;
•	Percentual do investimento direto em relação ao Produto Interno Bruto (PIB), por nível de ensino;
•	Investimento público direto em educação por estudante em valores reais, por nível de ensino;
•	Investimento público direto em educação por estudante em valores nominais, por nível de ensino;
•	Investimento público direto em educação cumulativo por estudante ao longo da duração teórica dos estudos nos níveis de ensino;
•	Percentual do investimento direto em relação ao Produto Interno Bruto (PIB) per capita, por nível de ensino;
•	Percentual do investimento total em relação ao Gasto Público Social (GPS), por nível de ensino;
•	Proporção do investimento público em educação, por natureza de despesa;
•	Proporção do investimento público em educação, por nível de ensino; e
•	Variação do investimento público direto em educação, por nível de ensino.
Os arquivos constituem planilhas individuais em formato Excel® (xlsx) e Open Document Sheet (ods).";"Indicadores financeiros educacionais para a comparabilidade internacional";"1";"0";"34";"1"
"Instituto Nacional de Estudos e Pesquisas Educacionais Anísio Teixeira - INEP";"Inep: Pesquisa de Controle de Qualidade do Censo Escolar da Educação Básica";"Com o objetivo de avaliar a qualidade das informações declaradas e como as escolas estão seguindo os protocolos do Censo Escolar da Educação Básica, o Inep promove a Pesquisa de Controle de Qualidade. Por meio da contratação de uma empresa externa, o levantamento já foi realizado em duas edições do Censo Escolar: 2011 e 2017.
A comparação entre os dados declarados ao Censo Escolar e os registros administrativos e acadêmicos, consultados presencialmente nas escolas, permite estimar a discordância das informações pesquisadas, além de identificar o perfil das escolas em relação à organização dos registros administrativos e à forma de preenchimento e envio de informações ao Censo Escolar da Educação Básica.
A partir dos resultados da Pesquisa de Controle de Qualidade, o Inep atua junto às redes de ensino para aprimorar, ainda mais, os processos para declaração dos dados ao Censo Escolar.
";"Censo Escolar da Educação Básica,Controle de Qualidade";"1";"0";"43";"0"
"Instituto Nacional de Estudos e Pesquisas Educacionais Anísio Teixeira - INEP";"INEP: Índice Geral de Cursos Avaliados da Instituição (IGC)";"Resultados do Índice Geral de Cursos Avaliados da Instituição (IGC), por instituição de educação superior e por edição.";"";"4";"0";"224";"0"
"Instituto Nacional de Estudos e Pesquisas Educacionais Anísio Teixeira - INEP";"Inep: Microdados do Censo Escolar da Educação Básica";"Os Microdados do Censo Escolar da Educação Básica reúnem em arquivos eletrônicos os dados primários apurados pelo levantamento estatístico, organizados conforme os formulários de coleta (escolas, turmas, alunos, profissionais escolares em sala de aula e gestores escolares) e detalhados para a menor unidade de informação. Os arquivos de dados são estruturados no formato CSV (Comma-Separated Values), com campos delimitados por um caractere.
Para auxiliar a compreensão e o uso dos Microdados do Censo Escolar da Educação Básica, são disponibilizados os seguintes documentos técnicos: Dicionário de Dados (xlsx); Tabelas Auxiliares (xlsx); ""Leia-Me"" (pdf); Filtros de Dados (pdf); e Formulários de Coleta em formato PDF (Cadastro de Aluno, Cadastro de Escola, Cadastro de Gestor Escolar, Cadastro de Profissional Escolar e Cadastro de Turma).";"Censo Escolar da Educação Básica";"1";"0";"171";"0"
"Instituto Nacional de Estudos e Pesquisas Educacionais Anísio Teixeira - INEP";"Inep: Microdados do Censo Escolar";"O Censo Escolar é um levantamento de dados estatístico-educacionais de âmbito nacional realizado todos os anos e coordenado pelo Inep. Ele é feito com a colaboração das secretarias estaduais e municipais de Educação e com a participação de todas as escolas públicas e privadas do país.

Trata-se do principal instrumento de coleta de informações da educação básica, que abrange as suas diferentes etapas e modalidades: ensino regular (educação Infantil e ensinos fundamental e médio), educação especial e educação de jovens e adultos (EJA). O Censo Escolar coleta dados sobre estabelecimentos, matrículas, funções docentes, movimento e rendimento escolar.

Essas informações são utilizadas para traçar um panorama nacional da educação básica e servem de referência para a formulação de políticas públicas e execução de programas na área da educação, incluindo os de transferência de recursos públicos como merenda e transporte escolar, distribuição de livros e uniformes, implantação de bibliotecas, instalação de energia elétrica, Dinheiro Direto na Escola e Fundo de Manutenção e Desenvolvimento da Educação Básica e de Valorização dos Profissionais da Educação (Fundeb).

Além disso, os resultados obtidos no Censo Escolar sobre o rendimento (aprovação e reprovação) e movimento (abandono) escolar dos alunos do ensino Fundamental e Médio, juntamente com outras avaliações do Inep (Saeb e Prova Brasil), são utilizados para o cálculo do Índice de Desenvolvimento da Educação Básica (IDEB), indicador que serve de referência para as metas do Plano de Desenvolvimento da Educação (PDE), do Ministério da Educação.

Para saber mais sobre o Censo Escolar: http://portal.inep.gov.br/basica-censo

Apresentados em formato ASCII, os microdados são acompanhados de inputs, ou seja, canais de entrada para leitura dos arquivos por meio da utilização dos softwares SAS e SPSS.

Os Microdados passaram a ser estruturados em formato CSV (Comma-Separated Values), e seus dados estão delimitados por Pipe ( | ), de modo a garantir que
praticamente qualquer software estatístico, inclusive open source, consiga importar e carregar as bases de dados.

Devido à amplitude de nossas bases, os arquivos foram divididos por região
geográfica (Norte, Nordeste, Sudeste, Sul e Centro-Oeste), tanto para as variáveis de Matrículas, quanto para as de Docentes.";"INEP,avaliação educação,censo escolar,desempenho escolar,educação básica";"21";"0";"678";"0"
"Instituto Nacional de Estudos e Pesquisas Educacionais Anísio Teixeira - INEP";"Inep: Conceito Enade";"Resultados do indicador Conceito Enade, por curso e por edição.";"Avaliação da Educação Superior,Conceito Enade,Educação,Indicadores de Qualidade da Educação Superior";"0";"0";"0";"1"
